[
    {
        "id": 1,
        "description": "add",
        "status": "Completed"
    },
    {
        "id": 2,
        "description": "buy milk",
        "status": "Completed"
    },
    {
        "id": 3,
        "description": "save",
        "status": "Completed"
    },
    {
        "id": 4,
        "description": "1",
        "status": "Completed"
    },
    {
        "id": 5,
        "description": "Study",
        "status": "Completed"
    },
    {
        "id": 6,
        "description": "add",
        "status": "Completed"
    },
    {
        "id": 7,
        "description": "add",
        "status": "Incomplete"
    },
    {
        "id": 8,
        "description": "add",
        "status": "Incomplete"
    }
]